-0.11356,0.03769,-0.1534,0.015582,0.11837,-0.054739,0.25003,-0.31172,-0.020812,0.083692,-0.065013,-0.18473,-0.33461,-0.0025858,0.005365,0.21193,-0.13295,-0.089365,0.068528,0.019442,0.30553,-0.11559,0.009264,0.052753,-0.31187,0.16632,-0.68138,0.32631,0.25592,1.2838,0.61897,-0.78276,-1.3505,-0.95839,-0.33567,-0.16975,-0.44216,-0.0053581,0.010279
-0.19357,0.062148,-0.013556,0.066154,0.056526,-0.18815,0.093375,-0.0062065,0.15298,-0.20227,-0.047977,-0.13795,-0.10254,-0.12499,-0.27622,0.29454,-0.086867,0.46408,-0.37331,-2.5549,-1.4831,-0.16313,0.02526,-0.86916,0.057004,-0.050702,0.091396,0.28733,0.2621,-0.20801,-0.05338,0.11141,0.15489,-0.063843,-0.09691,-0.015808,0.19711,0.29737,-0.024028
-0.1349,-0.074123,0.18336,-0.17151,0.0051906,-0.0090631,-0.06196,-0.18693,0.061232,-0.33368,-0.41303,0.18849,0.062778,0.048115,0.49427,1.4669,-1.5346,0.041859,-0.16401,-0.24748,0.21038,-0.042412,0.016212,-0.1392,-0.016986,-0.14822,0.14288,-0.063294,-0.1745,0.42199,-2.2764,0.12682,0.27918,1.9932,0.026386,0.1468,-1.6454,-2.3986,1.6652
0.082776,0.041463,0.0091928,0.058467,-0.090878,-0.28927,0.2188,-0.179,-0.089502,-0.2034,0.23129,-0.52521,0.43412,-0.47875,-0.0075164,0.19429,-0.086317,-0.28967,0.15902,-0.12128,0.0058903,0.00054964,0.3625,0.16234,-2.3817,0.06568,-1.3922,-1.9217,-1.749,-2.4754,-0.54692,-0.17298,0.64478,-0.4752,0.8554,0.49938,0.068918,0.34711,-0.010132
0.044316,-0.052505,-0.064198,-0.079005,-0.062653,-0.47964,0.65467,-0.28634,0.51267,-0.12514,-0.1649,-0.024259,-0.26323,0.015032,0.15901,0.065936,0.076017,0.10697,-0.08234,-1.1612,-0.20659,0.032127,-0.24957,1.8137,-0.061961,0.65746,-0.77694,1.3125,0.39081,-0.93955,-0.098886,-0.35551,0.43951,-0.0079993,0.18571,-0.067957,-0.21544,-0.23751,0.16105
0.18059,0.060548,-0.13302,-1.1719,-0.012823,-0.89314,-0.089308,-0.38462,-0.063654,0.010983,-0.043061,0.054583,-0.021631,0.19971,0.029675,-1.4177,2.1384,2.02,2.4016,-1.0804,-0.073761,0.56838,-0.18232,0.98667,0.24129,1.0434,-0.36594,-0.68003,0.011502,0.11407,0.070293,-0.38006,-0.095034,-0.34626,-0.21199,-0.3598,0.10152,0.14005,0.077748
0.83567,0.32819,0.61851,-1.5571,0.46051,-0.0046925,0.13088,-0.028827,0.042676,-0.2277,-0.17881,0.11378,-1.1995,-0.13387,-1.1067,0.33736,0.23955,2.6214,0.21191,0.13169,1.0263,1.6843,-0.60019,-0.32555,0.32618,0.062645,-0.042063,-0.094699,-0.41673,-0.46978,0.23122,0.14175,0.031171,0.68679,-0.30366,-0.032449,-0.13426,-0.012051,-0.47956
0.022584,0.04375,0.13926,0.4613,-0.11203,0.017156,-0.0014984,-0.022884,0.20238,-2.7439,-1.4973,-0.15047,0.18629,-1.7731,-1.7513,0.081369,0.4153,0.81804,0.36165,-0.90222,-0.17557,0.34931,0.10461,-0.23816,-0.068472,-0.1227,0.24894,0.16669,0.51097,-0.051082,-0.13109,-0.081529,-0.090479,-0.01614,0.2012,-0.44096,-0.080551,-2.3809,-0.7662
0.0028036,2.1939,0.46983,0.042406,-0.086676,-0.13511,0.081392,-0.12068,-0.28967,-0.93929,1.9651,-0.045673,0.83417,-0.69018,-0.77809,0.27399,2.3545,-0.59788,-0.047014,-0.20343,-0.10958,-0.0056445,0.094277,0.13905,-0.13438,0.30897,-0.17743,-0.69626,0.10094,-0.39606,0.81674,-0.54176,0.68717,0.73281,1.0157,0.96273,1.7726,-0.023774,-0.049327
-1.5546,0.20626,0.076737,-0.12557,-0.1802,-0.053475,0.062205,-1.4416,-0.041029,-2.2985,-0.75074,-0.41007,-0.68622,0.35648,-0.13751,-0.23359,0.002679,-0.26371,-0.20222,0.017807,0.36908,0.090659,0.31879,-0.16969,-0.18465,0.24131,0.013603,-0.55262,1.0774,0.12212,0.85491,1.1166,0.68096,-0.020055,-0.055664,-0.077052,-0.075229,-0.10634,-0.026782
-0.78064,-0.15433,0.26586,-0.2243,-0.11251,0.035282,-1.7458,-1.6442,-0.41728,-0.16242,0.79475,-0.29107,-0.14959,-0.27432,-0.18791,-0.069607,-0.34867,-0.026441,0.26408,-0.020595,0.036243,-0.10868,-0.1771,-0.029134,0.22915,1.2033,0.3013,0.97146,1.4802,0.014119,-0.015578,-0.077214,-0.062514,-0.090653,-0.032371,0.079017,-0.013942,0.0003212,0.0067095
0.27441,-0.034848,0.041942,0.033684,0.1031,-1.6985,0.090674,1.1268,0.4251,0.54134,0.27728,0.11023,0.43818,-0.12709,-0.055859,0.19335,-0.23473,-0.68026,0.081365,-0.12848,-0.26209,-0.0215,0.051321,-2.5897,0.25362,0.52702,1.7643,0.0092256,-0.046221,-0.05269,-0.080267,-0.017774,0.027186,0.01175,-0.035831,0.0128,0.0027514,0.0039513,0.001084
-0.52642,0.43142,-0.065616,-0.14811,-2.6762,-2.3625,0.81719,-0.22806,-0.35283,-0.057938,-0.25249,-0.29967,0.030324,-0.13427,-0.62216,0.50034,0.55748,-0.82144,-0.13378,0.97009,1.0633,-1.5838,0.50323,-0.26993,1.5037,0.015431,-0.053141,-0.046895,-0.080911,0.0059525,0.0030975,0.04055,0.024803,0.0038465,0.0044343,0.00056108,-0.0057012,-0.001387,0.00052761
-0.052908,0.15193,-0.094964,-0.00063277,-0.36331,-0.13784,-2.552,-0.07849,0.18044,0.53647,-0.08616,0.16605,0.16548,-0.010811,0.32212,0.1068,-0.68212,0.29211,0.031007,0.49646,0.90015,1.3571,-3.7249,0.049431,-0.012084,-0.03862,-0.067802,0.015713,0.0010362,0.063834,0.018863,0.0047681,0.0056183,-0.0087686,-0.0042289,-0.00077265,0.0014831,0.0025709,0.0033902
-0.13923,0.19586,-0.032072,-2.9826,-1.2944,-1.0797,-0.16008,-0.37373,-0.26557,0.48605,0.031519,0.11492,-0.21569,0.087077,0.46581,0.013068,0.58128,-0.053899,0.66587,0.64454,0.64331,1.2736,0.050281,-0.035929,-0.034928,-0.038076,-0.041155,0.073352,0.072929,-0.012372,0.0059574,0.0017109,-0.014727,-0.00049954,0.0020261,0.0036232,0.0042122,0.0062553,0.0058752
-0.35447,-0.14378,0.10007,-0.017432,-1.1343,-2.9571,0.38897,0.03119,0.44166,-0.028835,0.14046,-0.23813,-0.18121,-0.82392,-0.058407,0.11994,1.0145,1.0062,0.074591,1.4229,-3.9426,0.072109,-0.019641,-0.029346,-0.022936,-0.057844,0.092749,0.12905,0.0070081,0.0070773,-0.0069855,-0.0025685,0.0012769,0.0033746,0.0043902,0.0056858,0.0067422,0.0078263,0.0080642
-0.15642,0.010954,0.050622,0.00095861,-0.046371,1.1793,0.087962,1.1545,-0.14542,0.2173,-0.22801,0.14979,-0.096416,0.051546,0.073483,0.40866,0.25993,0.15899,-2.1921,-4.4868,0.10551,0.042266,-0.019046,-0.04974,0.091378,0.093831,-0.32734,-0.026148,0.0070933,0.0040984,-0.0034322,0.0014957,0.0048296,0.0048745,0.0060097,0.0084443,0.0093326,0.01046,0.011542
0.060407,-0.045174,-0.12154,0.21827,-0.82285,-1.8247,-0.28491,-0.029678,0.55562,-0.048366,0.01568,-0.4864,0.064684,0.27565,-0.6649,-0.010856,0.4276,0.94599,0.33154,-3.4005,0.11135,0.0078406,-0.019959,0.0068069,-0.070664,0.12033,0.021255,0.0069141,0.0039997,-0.011332,0.00047838,0.0038304,0.0048981,0.0072275,0.0071335,0.0098889,0.009191,0.012272,0.013536
-0.44783,-0.26867,-0.13211,-1.6917,0.053741,-1.6799,-0.32428,0.33198,0.070224,-0.10207,-0.03137,0.090843,-0.4637,-0.019609,-0.33403,0.12449,0.68949,-2.0299,0.77978,-3.7225,0.12687,0.0082046,-0.01937,0.029428,-0.052775,0.13946,0.015574,0.0063946,0.0033371,-0.013784,0.0021069,0.0042413,0.0058939,0.00863,0.010217,0.010844,0.012387,0.016282,0.015441
-0.42984,-0.12959,-0.0045366,-2.6898,-0.39729,-0.0036253,0.72083,-0.08175,0.057892,-0.026668,-0.087385,0.032482,-0.77898,0.06501,-0.64969,0.12464,1.2311,0.33076,0.0014284,-3.202,-5.6686,0.043787,-0.004213,0.0070719,-0.085752,0.14815,0.051273,0.0070111,0.0056449,-0.0099672,0.0022631,0.0058864,0.0069156,0.010241,0.012106,0.014731,0.0149,0.015843,0.017145
-0.038086,0.077132,0.04301,0.18169,-0.25546,1.5404,-0.060143,-0.031784,0.15504,0.012554,-0.021345,0.13437,0.1861,-0.58541,-0.014874,1.0403,0.34576,0.98884,0.33293,-4.2867,-5.3621,0.12483,0.010224,-0.029587,0.18546,0.13664,-0.36442,-0.022162,0.0076381,0.0038833,-0.0020156,0.0055926,0.0081877,0.010199,0.011847,0.013426,0.015197,0.017388,0.018707
-0.011245,-0.16595,-0.016618,-2.6599,0.16314,-0.47321,-0.21986,0.28423,-0.58151,-0.1039,0.0031547,-0.18007,0.38058,-0.69912,-0.71685,0.23973,1.3459,0.77203,0.26377,-2.9585,-3.8714,-5.8421,0.038018,-0.011536,0.045096,-0.059175,0.17227,0.0079705,0.0068102,0.0052261,-0.0082169,0.0040256,0.0083164,0.011347,0.012701,0.013848,0.015457,0.018457,0.019761
0.38079,-0.10429,0.10106,0.055711,0.44694,-2.7033,-0.32193,-0.13898,0.31075,0.10219,-0.0037884,0.2137,-0.59758,-0.72504,-0.021587,-0.29291,0.33716,0.28438,0.5397,1.5933,-4.3312,-5.3964,0.14734,0.021865,-0.02097,0.097983,0.11736,0.082525,0.017251,0.0063155,0.00348,-0.029501,0.0072767,0.010532,0.013278,0.014037,0.01684,0.017638,0.019648
-0.46921,-0.17084,0.060472,0.12183,1.6335,-0.28221,-1.9605,0.15334,-0.014328,0.21043,0.0015089,0.23649,0.086646,-0.53939,-0.72648,0.18466,0.36017,0.81537,1.0479,0.18649,-2.7973,-3.7739,-5.7192,0.076336,0.010415,0.019917,-0.097866,0.18744,-0.25323,-0.01065,0.0071327,0.0029705,-0.027572,0.0078784,0.0097021,0.013351,0.01363,0.018441,0.017445
0.26536,-0.072666,0.062993,0.14533,-1.1775,-3.1717,-0.29808,-0.35783,0.60497,0.10813,-0.21287,-0.099163,0.095448,0.5052,-0.10373,0.035146,0.72457,0.35604,0.10824,0.51098,-2.6249,-3.9436,-4.9264,-6.039,0.053785,-0.0087373,0.059718,-0.051634,0.1995,0.026459,0.26376,0.0069509,-0.0015807,-0.0019574,0.0091112,0.014533,0.015774,0.017679,0.018778
-0.54103,-0.11807,0.047999,-0.10834,-0.007888,-0.05348,-2.2795,0.53676,0.34826,0.4126,-0.24358,-0.019775,0.15329,-0.16656,0.050179,-0.40342,0.18518,0.38623,0.79711,0.43989,-0.15907,-2.8959,-3.0083,-5.4562,0.17249,0.034577,-0.0095582,0.085397,0.060044,0.70759,-0.010902,0.0064699,0.0062539,-0.0011349,0.0061317,0.011423,0.01642,0.014725,0.018335
0.25494,0.019141,-0.12001,0.065647,0.13334,-0.86837,-1.4252,-1.9476,-0.010919,0.50899,-0.46137,-0.15201,0.18409,0.072813,-0.025515,-0.45525,0.095896,-0.21756,-0.63726,0.12129,0.77224,-2.3726,0.40653,-3.5769,-5.7041,0.10915,0.022091,0.0010119,-0.060927,0.152,0.45383,-0.015918,0.0032973,0.0051442,-0.0019605,0.0060521,0.012792,0.015979,0.02075
0.2087,-0.051919,-0.026526,0.075179,2.735,0.030987,1.3306,0.66242,0.49254,0.52805,-0.30648,-0.089459,0.10956,-0.14529,-0.60075,-0.67331,-0.39461,0.36975,0.43139,-0.13579,0.4197,0.33075,-2.6935,-4.004,-4.8247,-5.9584,0.084387,0.0079625,0.044692,-0.088192,0.20082,0.035828,0.0040868,0.0039638,0.0040018,-0.00017168,0.011453,0.013801,0.016502
0.14303,-0.07143,0.094876,0.038289,0.08199,-1.0911,1.53,-1.9596,-0.19554,2.5597,0.34315,0.10245,-0.26151,-0.076014,-0.0081283,-0.53404,-0.037673,0.19011,0.84857,0.068507,0.31916,-2.0646,-2.3783,0.84971,-2.7641,-5.3422,0.2556,0.062796,0.0037977,0.060073,-0.079481,0.2228,-0.37112,0.016904,0.0042263,0.0038944,-0.0034855,0.0089937,0.015608
-0.48295,0.094411,0.025091,-0.020847,1.2698,0.26895,-0.64951,1.1869,0.25767,0.066254,-0.098253,-0.27826,-0.0033627,-0.0033799,-0.22822,-0.42659,-1.1445,-0.17853,0.46626,0.49981,0.43836,1.0512,-0.29884,-0.22474,-0.017209,-3.3985,-5.499,0.19668,0.048188,0.00051912,0.072351,-0.032953,0.23358,-0.29987,0.010414,0.002205,0.0034084,-0.0017569,0.010321
0.19713,0.040372,0.072337,-0.032953,-2.7604,-1.0666,1.1038,0.3974,-1.1898,-0.077499,-0.22122,-0.12082,-0.43054,-0.018807,0.1215,-0.1903,-0.65662,-0.022189,0.30019,0.72488,0.98199,-0.11483,-1.8515,0.69005,-0.32305,-0.40218,-4.0727,-5.7498,0.13636,0.032041,0.0027049,0.090008,0.032447,0.24227,-0.26291,-0.0057014,0.0021652,0.0032059,0.00015023
0.24639,0.018577,0.0082806,-0.034415,-0.024016,-1.295,-0.16913,0.83832,-0.13192,1.7267,0.47064,-0.50419,0.094654,-0.0813,-0.050695,-0.25702,-0.61586,-0.7972,-0.88022,-0.25181,0.90889,-0.27076,0.48082,0.25583,0.34306,0.80777,1.3096,-4.951,-5.8914,0.10772,0.02053,0.017008,-0.0014353,0.097483,0.28077,-0.29522,-0.0014772,0.0022525,0.0031449
-0.43172,-0.022487,0.049711,0.086607,0.068006,-0.10078,-0.93102,0.31218,-0.01026,0.4332,-1.1701,-0.011351,-0.31448,0.06639,0.10669,-0.25278,-0.43632,-0.61757,0.043852,0.3227,0.73357,0.49431,-0.0062869,-1.8153,0.29045,0.087516,0.026824,0.88344,-5.2742,-5.9,0.087665,0.013255,0.033461,-0.03639,0.1521,0.71419,-0.081204,0.0053435,0.0017109
0.017446,0.029017,0.19723,0.28379,0.1154,1.2961,-1.9235,0.10435,-0.75991,-0.37056,0.084742,0.16392,0.11949,0.1433,0.17308,0.092173,-0.59717,-0.83324,-0.82735,-0.44191,0.60689,0.79571,0.55759,0.99483,0.97363,0.61164,0.21865,0.23992,1.0194,-5.4492,0.25019,0.072633,0.0056109,0.044958,-0.059681,0.19297,0.59041,-0.064956,0.017233
-0.40673,0.26412,0.1474,0.15359,0.16658,0.095181,-1.1203,-1.1672,-0.15966,0.12472,-0.14765,0.55243,0.11908,-0.18475,-0.05377,0.39131,0.078584,-0.73164,-0.4572,0.080374,0.38613,0.77734,0.49835,0.21533,-1.0313,0.28248,0.24593,0.072433,0.19356,-0.14048,-5.6742,0.19477,0.058166,0.0047286,0.059413,-0.063073,0.21984,0.49298,-0.06572
-0.35808,0.32177,0.014014,0.035005,-0.051961,0.032832,-0.0078907,0.40688,0.93373,-0.30933,-0.042175,0.29613,0.35153,0.005338,-0.049838,0.39294,0.15432,-0.21244,-0.32608,-0.44617,-0.059314,0.21044,0.94178,-0.72059,-0.016986,0.58918,0.20735,0.23864,0.55981,1.3991,-0.35271,-5.7947,0.15322,0.037038,0.0027187,0.068373,-0.050221,0.24219,0.12739
0.13074,0.28191,0.12559,0.15305,-0.00023215,0.15925,-0.32745,1.8022,1.4031,0.48676,-0.38834,0.055012,-0.0056962,0.23603,-0.10589,-0.36932,-0.17132,-0.24124,-0.31261,-0.5262,0.1339,0.40706,0.8388,0.72171,0.31031,-0.9666,1.0419,0.72456,0.85401,0.94207,1.1051,-5.0727,-5.8362,0.13161,0.018695,-0.00086582,0.061127,-0.02019,0.25219
-0.062258,0.21984,0.091,0.23948,0.03221,0.19319,-0.15332,-1.6887,-0.78259,-0.25563,-0.44821,0.66914,0.43356,-0.38359,-0.15231,0.0015205,0.080678,-0.001108,-0.069878,-0.71693,-0.45803,0.31612,0.69141,-0.91547,-0.33663,-0.12948,1.0622,0.49734,0.2423,-0.61382,-0.043002,1.4843,-5.2821,-5.7758,0.099583,0.01544,0.0078321,0.14482,0.017794
0.090895,-0.43601,0.088245,0.19627,0.18549,0.052067,-0.016776,-1.8615,1.7191,0.02255,1.3027,0.57755,-0.20322,0.26352,-0.051865,-0.51511,-0.010483,-0.16091,-0.42726,-1.1136,-0.30323,0.21654,0.42757,1.0407,1.5197,1.2042,-1.819,-1.7531,0.28714,0.42452,0.94878,1.1382,0.0093501,-5.5453,0.26226,0.081805,0.0081756,0.025639,0.064413
-0.30203,-0.023025,0.0779,0.078037,0.1732,0.24823,-0.16897,0.027807,0.84167,-0.33482,0.22198,-0.69329,-0.647,0.048955,0.11926,-0.083861,0.035259,-0.091166,-0.57418,-0.054639,-0.80406,-0.13618,0.29644,0.70562,-0.95567,-0.47443,-0.24382,-1.1253,0.58483,0.78183,0.6702,0.41869,1.2643,-0.19062,-5.6584,0.20001,0.061844,0.0035774,0.03744
-0.15375,-0.089684,0.15339,0.15236,0.19596,-0.046477,0.10548,0.096214,-0.64681,-0.40109,-0.86968,-0.10853,0.57911,0.53618,0.22656,-0.063304,-0.00090345,0.02881,-0.20494,0.024372,-0.96925,-0.49487,0.21799,-0.026873,0.63477,-0.22257,1.0556,-1.1829,1.0695,0.55,-0.03003,0.1839,0.97293,1.1423,-0.18638,-5.7493,0.17327,0.034536,-0.0016549
-0.72373,0.017122,0.089622,0.159,0.1262,0.13652,0.18877,1.3866,0.22248,0.46016,0.39998,0.076192,-0.41957,0.05133,0.16946,0.12647,-0.24622,-0.040286,0.022627,-0.47071,-0.33496,-0.58718,0.17255,0.29731,0.69231,0.76555,-0.43216,-0.25528,-2.0035,0.38574,-0.50293,0.81457,1.3307,-0.0033246,1.5335,-5.0264,-5.7341,0.14067,0.021423
-0.072488,0.13328,0.013858,0.27448,0.10478,-0.017711,-1.4418,1.5954,1.0425,1.5752,0.49138,0.9104,-0.39939,-0.53882,-0.169,-0.28184,-0.040722,0.13521,-0.074041,-0.3423,-0.53414,-0.38653,-0.3567,0.24999,0.21427,-0.10973,0.97442,0.5188,-1.6923,0.413,0.5935,0.97048,0.060842,0.58047,1.3058,4.794,-5.2796,-5.7008,0.11184
-0.27597,-0.3171,-0.0087134,0.1061,0.19701,0.1973,0.20758,-0.069633,1.018,-0.74342,-0.14229,-0.40303,-0.22224,0.22622,0.34137,0.21373,0.59321,0.1183,-0.046026,-0.04276,-0.38981,-0.45351,-0.30037,0.15077,0.38674,0.72804,0.96067,-1.0973,1.0748,-1.7321,1.0496,0.43772,-0.56542,0.89476,0.6514,1.1344,-0.17848,-5.5007,0.28765
-0.29718,-0.12128,-0.0024072,0.063096,0.063388,0.17953,0.17946,-2.5791,1.0243,0.7043,-0.77125,-0.3735,2.0593,-0.32324,0.12177,0.31968,-0.057702,-0.20952,-0.046488,0.00052317,-0.21616,-0.74497,-0.80203,-0.21123,-0.64354,-0.47057,1.0808,1.0286,0.46619,-1.667,-1.1426,0.61159,0.46035,1.1049,0.20168,0.33183,1.3156,-0.1652,-5.5968
-0.43035,0.12383,0.066174,0.073758,0.077191,0.17188,0.13924,-0.12937,-1.1095,-0.07657,0.61981,0.57732,-0.42378,0.29112,-0.25303,-0.46118,-0.92626,0.033973,0.13765,-0.0746,-0.2349,-0.036542,-0.58707,-0.7666,-0.0016367,0.4089,0.78412,0.72601,0.2227,0.32436,-1.6974,0.38043,0.78422,-2.7349,0.37078,1.5426,4.4641,1.1629,-0.15496
-0.33641,-0.011807,-0.15159,0.13065,0.10676,0.24815,0.10374,0.015207,-0.26871,2.5907,0.86754,-0.15461,0.35384,-0.061272,0.43103,-0.24773,0.11742,-0.22664,0.032588,-0.16545,-0.025457,-0.0034845,-0.58987,-0.83252,-0.031966,-0.062341,0.031513,1.2155,1.0645,0.65917,-0.74416,-1.4296,1.0554,0.60323,-3.3782,1.5782,0.79737,1.4213,0.13645
0.022084,-0.013887,-0.040271,0.18268,0.16017,0.27165,0.17408,-0.0017628,0.14544,0.19983,-0.29809,-0.63576,-0.26742,0.47796,0.2744,-2.4442,0.41209,-0.2821,0.16234,0.045365,-0.39894,-0.65969,-0.30931,-0.38826,-0.84346,-0.25705,0.41489,0.86378,1.1913,0.16141,-0.45264,-1.6957,1.0428,0.70203,-2.4242,-2.4456,0.75235,1.1877,1.1599
0.10396,-0.096705,-0.066155,0.092169,0.28916,0.32111,-2.8048,-0.11019,0.11869,-0.14536,-0.92644,-0.73959,-1.97,0.42685,-0.75447,-0.64007,0.74025,-0.053806,-0.20599,-0.11829,0.07477,-0.17187,-0.039524,-0.40628,-0.7797,-0.020234,-0.32414,0.63828,-1.3508,-0.56303,-0.70225,-1.6126,-1.6426,0.45562,-1.7608,-2.8896,-2.8345,0.95265,4.7124
0.14152,-0.18357,-0.075678,0.097002,0.1341,0.10031,-0.14958,-0.16399,2.6921,1.2379,0.093008,-0.0019479,-2.4,-0.075074,0.020956,0.89806,0.079901,0.14059,0.23675,0.042624,0.049317,0.19848,-0.45707,-0.47445,-0.34661,-0.63909,0.096681,0.40761,-0.39659,-1.6425,-0.2883,-0.61387,-1.5718,-1.72,-1.347,0.22102,0.29266,-3.1557,1.3243
0.11295,-0.29751,-0.092478,0.06656,0.090071,0.079364,-0.16469,0.014059,0.49717,0.67785,-0.24251,0.32419,0.60948,-1.2437,0.65583,0.40366,-0.014948,0.22741,0.10865,-0.086918,0.033666,0.14377,-0.1477,-0.57111,-0.54397,-0.7117,0.0023546,-0.50182,0.70329,0.77032,-0.44121,0.095721,-1.5153,-1.1909,-1.0243,0.42919,0.55664,0.10501,0.92115
-0.58859,-0.48968,-0.46144,0.073503,0.034535,0.0145,-0.057318,0.070174,0.86291,-0.4484,-0.3572,-0.34928,0.31187,-0.80601,-0.53209,0.02041,-0.37697,0.41356,0.55775,0.14504,-0.18043,-0.18886,0.12974,-0.29261,-0.57935,-0.71031,-0.3319,0.12694,0.38534,0.01233,1.2035,-0.36016,-0.42305,-0.77593,0.77169,0.20957,0.89912,0.098495,-2.3407
-0.2199,-0.52866,-0.18959,0.11728,0.043429,0.010054,0.042887,0.05941,-1.7605,0.76683,-0.51999,-1.3477,-0.54675,0.25466,2.7539,-0.38912,-0.86242,0.88387,-0.35506,-0.10975,-0.068657,-0.28599,-0.040046,-0.26666,-0.31319,-0.6865,-0.65245,0.05844,-0.20572,0.74246,0.90077,-1.5764,1.2552,-1.6528,-1.0636,0.43971,-1.4884,-2.4458,0.97161
-0.13897,-0.52329,-0.044959,0.20812,0.060405,0.0059033,0.076528,-0.01969,0.1101,0.64212,1.8238,0.97926,0.24152,0.47396,-0.46068,1.8131,-0.17242,-0.33411,0.10601,0.0023997,-0.22935,-0.31985,-0.068858,-0.43832,-0.46699,-0.70646,-0.70454,-0.57139,0.065931,0.36041,0.033228,1.152,-0.14028,-0.29706,-0.70229,0.33603,1.008,0.60836,0.79903
-0.72074,-0.43762,-0.064931,0.077614,0.16105,0.0093142,0.073696,-0.041776,0.18683,-0.48485,1.0929,0.57325,-1.9217,-0.15384,-0.10979,1.5409,-0.58628,-0.42925,0.44758,-0.15729,0.00031761,0.36052,0.059442,-0.41835,-0.55543,-0.44169,-0.49208,-0.5681,0.098207,-0.54704,0.83518,1.1209,-1.4003,0.70648,-1.5116,-0.86892,0.207,-1.7796,1.0106
-0.72465,-0.77468,-0.034857,-0.034818,0.12409,0.14613,0.078455,0.16736,0.24371,-0.57456,-0.27232,-0.67733,0.51231,0.19759,-0.89315,-0.70461,-0.8471,-0.11378,-0.077223,0.23207,0.095018,-0.33337,0.39293,-0.051893,-0.20804,-0.41435,-0.24323,-0.69587,-0.4417,0.053459,0.35812,0.83629,-1.0795,0.034941,-1.0877,-1.5841,-0.14844,0.32927,0.80575
-0.86536,0.20293,0.0068578,-0.025157,-0.025436,-0.10135,-0.0014454,0.14311,0.09904,-0.65575,0.73016,0.95455,-0.04204,-0.34737,-0.44653,-0.50003,0.68766,-0.3878,-0.15862,-1.9226,0.047573,-0.16305,-0.22208,0.037019,-0.21718,-0.42409,-0.52725,-0.57157,-0.49468,0.17964,0.039048,0.92756,0.19642,-0.56145,0.87806,-1.1676,-1.1016,0.08816,0.96692
-1.0545,0.21102,-0.07998,0.0014788,-0.020401,-0.096689,0.0051449,0.08107,0.14282,-0.68068,0.11012,0.62605,1.3595,0.59989,-0.31233,-0.10639,0.3528,0.12824,-0.82061,0.035902,0.10264,-0.063264,-0.10286,-0.023185,0.018254,-0.094942,0.0062738,-0.38118,-0.7448,-0.25965,0.10656,-0.29261,-1.527,-1.127,-0.88962,-0.95128,-1.684,-1.4587,0.41727
-1.0976,0.27088,-0.019049,0.031026,0.0049132,-0.085934,-0.0060606,0.039476,0.20518,-0.53438,-0.046144,-0.41276,-1.4149,-0.38918,0.13451,-0.64802,1.1588,-0.12755,0.28888,-0.30217,-0.020468,-0.12805,2.3005,-0.023578,-0.24139,-0.11427,-0.28205,-0.5645,-0.5269,-0.37119,0.15508,0.47931,1.0161,-1.6774,-0.68929,-0.75664,-1.2915,-0.76959,-1.2768
-0.41347,0.30022,-0.093527,0.065559,0.050263,-0.078694,0.015542,0.16207,0.013882,-0.43644,0.071879,0.7168,-1.0166,0.63654,2.0622,0.33421,0.14432,-0.27878,-0.096765,-0.46528,-0.16576,2.1342,-0.1088,-0.095772,0.024565,-0.084584,-0.29121,0.0057022,-0.45913,-0.69244,-0.1328,0.03499,0.65236,0.88452,-1.1184,-0.68996,-0.4873,-1.5402,-0.78485
-0.61869,0.40397,-0.080919,0.050759,0.11366,-0.071047,0.016342,0.13719,-1.8751,1.2096,0.13747,-1.1902,-0.28912,-0.48188,0.45977,-0.9343,-0.33084,0.1034,-2.9356,0.49202,0.24339,0.10272,0.0045229,-0.33607,0.042884,0.14126,0.093728,-0.20936,-0.3144,-0.54831,-0.86586,0.44717,0.32439,1.1485,0.053851,-0.63123,-0.67002,-1.7461,-1.7237
-0.51046,-0.8819,-0.049776,-0.092772,0.25868,-0.032727,0.063507,0.077709,1.3623,0.2275,0.061457,-1.7176,-0.47514,-0.5703,0.93877,-0.84053,-0.35999,-0.57412,-1.4825,0.27793,-0.67631,0.14369,-0.20977,-0.48837,-0.10381,0.1176,0.064522,-0.080571,-0.11945,-0.45466,-0.72047,-0.057699,0.030996,-0.05536,1.0773,-1.0548,-1.4269,-1.2309,-1.177
-0.37637,-0.54705,-0.0077511,-0.088911,0.13633,-0.15442,0.19418,0.040841,0.71061,0.46159,-0.076823,0.94937,0.14003,0.7884,-0.076339,0.50424,1.8218,0.066659,0.31535,-0.62313,-0.45361,-0.014112,-0.22569,-0.085753,-0.21575,0.1368,-0.00037915,-0.15111,-0.23178,-0.39605,-0.65666,-0.70418,-0.010932,0.13529,-1.98,-2.2885,-0.61437,-0.92549,-1.0785
-0.31018,-0.86351,0.046018,-0.063778,0.018412,-0.10731,0.02332,1.4146,-1.9077,0.2762,-0.41849,0.81486,0.99429,-1.6749,0.37156,-2.0807,-0.03328,0.020554,-0.61668,-0.070672,-2.1649,0.63998,-0.095286,-0.25176,-0.24681,-0.025565,0.015658,-0.013502,-0.22349,-0.35565,-0.42642,-0.6672,0.057254,-0.13704,0.292,-1.542,-0.99896,-1.0194,-1.1956
-0.41855,0.17549,0.076177,-0.032845,0.022665,-0.048948,0.39663,0.079891,0.73005,0.32212,-0.26869,-0.53726,-0.53088,-0.20258,1.0847,1.6639,0.11348,-0.43994,0.10762,0.18659,0.24275,-0.39135,0.48943,-0.65411,-0.23144,-0.0269,0.25683,0.17398,-0.11288,0.1203,-0.43524,-0.35396,-0.62162,0.38433,-0.27267,0.75779,-1.4134,0.2321,-0.8251
-0.38699,0.1847,-0.75621,0.059189,-0.00047755,-0.029384,-2.5388,1.1555,0.99492,0.08893,-0.55994,1.3808,-0.11653,-0.57948,1.3037,-0.20735,0.49943,-0.49632,0.78336,-0.13115,0.54377,-0.17902,0.85631,-0.21019,-0.25413,-0.30608,0.13049,0.10552,0.14969,-0.15075,-0.48117,-0.41109,-0.59294,0.14777,0.49965,0.21868,-1.7049,-1.2837,0.75182
-0.43777,0.13787,-0.038924,0.1502,0.016477,0.015992,-2.4724,-1.5746,0.88352,-2.6909,-0.13188,1.0352,-0.15,0.43995,0.53751,0.66202,-0.78307,0.018527,-1.126,0.2698,0.0028053,-0.031725,-0.21659,-0.42153,-0.32483,2.482,-0.19263,0.20791,-0.020799,-0.13165,-0.1451,-0.40499,-0.38464,-0.66559,-0.050173,0.86796,0.85713,-1.3652,-0.41851
-0.38913,-0.25097,-0.11216,0.12387,0.044741,0.065523,0.075843,0.20203,-0.012267,0.041047,-0.46714,-1.335,-0.40319,1.8435,1.0255,-0.49714,-0.7286,0.37166,0.48442,0.85439,-0.10882,-0.066642,0.18253,-0.37809,-0.38977,-0.30764,-0.12304,0.24462,-0.061908,-0.053594,-0.10095,0.046282,-0.44149,-0.57291,0.37131,0.5369,-2.9412,1.1402,-2.0533
-0.82156,-0.3222,-0.15333,0.033439,0.062189,0.19678,0.053662,0.17463,-0.01505,-0.64764,-0.5704,0.071481,1.2997,-0.64767,-0.84642,1.2243,-0.37297,1.1811,-0.20805,-0.78545,0.31236,-0.12545,-0.40397,-0.20841,-0.53563,-0.432,-0.11222,0.10233,0.19153,-0.12641,-0.11077,-0.26332,-0.44837,-0.036604,-0.46649,-0.19512,1.0486,-2.2736,-1.3819
-0.70959,-0.86294,-0.073065,-0.0029789,-0.44772,0.13295,0.045016,0.15339,0.016693,-0.68021,-0.56987,-0.59641,-0.6127,-0.21581,-0.14024,1.762,-0.097951,-1.8149,1.6461,-0.2176,1.0951,-0.065586,-0.32845,-0.47183,-0.65046,-0.63313,0.021763,0.033264,0.15668,-0.11921,0.23061,-0.0987,-0.17397,-0.38897,-0.45527,0.39815,0.62396,-2.1444,-1.5291
-0.23812,-0.073992,0.036547,-0.040779,-0.081631,0.17228,0.065609,0.16262,-0.0017324,-0.37117,-0.5695,-0.095578,0.12112,0.05652,0.014927,-0.3871,0.48968,0.39455,0.14326,0.29953,-0.67995,-0.067948,-0.34871,-0.47393,-0.25534,-0.22234,-0.35354,-0.088195,0.028371,0.031839,0.13498,-0.0022458,0.15075,-0.4,-0.059424,-0.49921,0.2706,1.1722,-1.9339
-0.24582,-0.85622,0.10197,-0.06115,-0.064482,-0.0010428,-0.029708,0.052855,1.0076,-0.63826,-0.61445,-0.088969,-0.10268,-0.14591,0.94347,0.44979,0.070872,0.74931,-1.0004,0.55782,-0.20393,-0.12601,-0.68875,-0.76352,-0.31869,-0.53902,-0.48177,-0.2701,-0.13334,0.33043,0.18695,-0.15759,-0.12104,-0.33681,-0.36152,-0.40942,0.22879,0.81802,0.85933
-0.80708,-0.47514,0.18319,-0.070427,-0.039661,0.8159,1.2528,-1.9219,-1.8317,-0.62108,-1.697,0.11608,-0.65505,1.0348,1.3658,-0.60036,-0.51694,-0.31438,0.20506,0.23958,-0.5521,0.35671,-0.51144,-0.43554,-0.73192,-0.63447,-0.67697,-0.20282,0.0039774,0.36521,0.26293,-0.062096,-0.078585,0.17745,-0.38011,-0.11791,-0.32741,-0.21617,-2.2094
-0.62434,0.042515,0.22159,-0.072073,-0.036693,-0.1303,0.53141,0.92266,1.5785,0.49757,0.54864,-0.18831,0.077125,-0.23749,-1.3675,-0.85018,-0.75607,1.2223,-0.93811,-0.55444,0.51373,-0.018103,-0.42948,-0.11626,-0.51364,-0.35961,-0.45212,-0.263,-0.013534,0.21752,0.23682,0.026509,0.077275,0.0086983,-0.22527,-0.31507,-0.29453,0.12384,0.71204
-0.64924,0.0935,-0.73484,1.9149e-05,-0.039887,0.13559,-0.20259,-0.091673,0.25029,0.013023,-1.885,-0.24486,0.136,-0.27391,-0.14615,0.21526,1.7191,-0.10337,1.1536,-0.85042,0.45915,0.092466,-0.2834,-0.73506,-0.11518,-0.22803,-0.68928,-0.35373,-0.42701,0.10698,0.19035,0.31134,0.33359,0.074522,0.21904,-0.29655,0.018602,-0.26102,0.68273
-0.67456,0.12975,0.029324,0.049441,-0.011825,0.0081544,-2.5283,-2.0937,-2.1774,-1.8905,0.46885,-0.26249,-0.50907,1.8816,1.1283,1.5713,0.54696,0.46922,2.3951,0.17425,0.8699,-0.95376,-0.32986,0.018768,-0.2642,-0.65217,-0.44433,-0.88657,-0.16151,-0.13189,0.31012,0.38143,0.0058516,-0.19158,0.018875,-0.41099,-0.2874,-0.245,0.26264
-0.6554,0.17578,-0.035711,0.063952,-0.014301,0.0094755,-0.083785,0.81353,1.0538,0.8627,1.1567,-0.072993,0.081378,-0.23143,1.2816,2.1237,-0.41439,-0.97592,0.49446,0.26109,1.167,-0.17804,-0.23911,-0.18551,-0.37029,-0.60272,-0.38377,-0.37585,-0.19927,0.074782,-0.017509,0.25023,0.010925,0.1261,-0.078842,0.23936,-0.28875,0.477,-0.11321
-0.32038,0.25133,0.045996,-0.092601,-0.0058192,0.021363,-0.00055968,-0.035445,-2.3536,-0.0070654,-1.3271,-0.26638,0.028222,-0.50247,1.834,1.4437,0.43514,0.32656,-0.29705,-0.83065,-0.92813,-0.35765,-0.6958,-0.28126,-0.95889,-0.17703,-0.41485,-0.38622,-0.23413,-0.16846,-0.010515,0.56463,0.10329,0.32667,0.58326,-0.1572,-0.35941,-0.22463,-0.18478
-0.67339,0.44803,-0.12701,-0.13949,0.02469,0.031808,0.0097328,0.29938,0.53178,0.60599,-0.28085,0.032814,-0.10562,-0.49647,-1.6237,3.1699,-0.18527,0.78842,-0.849,0.57483,-1.0759,-0.48212,-0.80611,-0.49202,-1.1093,-0.32089,-0.30308,-0.86774,-0.30603,-0.27392,0.066071,0.13885,0.48616,0.22422,0.30809,0.087484,-0.053849,-0.30187,0.5007
-0.72244,0.60427,-0.1636,-0.023493,-0.040682,0.049104,0.024588,0.081475,-0.25765,0.12035,-0.14566,-0.073357,-0.36293,-0.041962,-1.5253,0.032277,0.38548,0.022985,-0.11431,0.17763,-1.314,-0.88064,-0.18742,-0.34082,-0.2946,-0.58958,-0.30347,-0.18089,-0.48992,-0.11487,-0.35003,0.10734,0.54866,0.33587,2.8103,0.049495,0.043452,-0.36314,-0.49531
-0.39025,-0.20321,-0.21636,0.046779,0.99455,-0.033677,0.060914,0.12634,-2.0244,0.48572,-0.41797,-0.13715,-1.7956,-0.19432,1.2447,-0.41577,-0.14216,0.81768,-0.68412,1.4533,-0.68167,-0.93914,-0.19498,-0.7563,0.96752,-0.44984,-0.70313,-0.83553,-0.61166,-0.82051,-0.2136,-0.0093569,0.41966,0.3945,0.25282,0.2543,0.23299,-0.18225,-0.27507
0.072441,-0.14857,-0.21513,-0.34445,-0.17141,-2.23,-0.05714,0.082719,-0.052448,1.1716,-2.1331,-0.14073,1.1219,-0.009401,2.2773,-0.14708,2.2779,-1.3682,-0.33803,-0.032704,0.55542,-1.0026,-0.40938,-0.75909,-0.18457,-0.42197,-0.17429,-0.48883,-0.507,-0.59062,-0.16966,-0.48345,0.18161,0.49038,0.28483,0.27649,0.10763,0.041659,-0.28204
0.1486,-0.47567,-0.2175,-0.025988,-0.16237,0.48644,-2.8042,-0.028689,0.16231,1.0584,-2.0734,-0.42021,-1.4666,-0.11157,0.77086,0.87357,0.8622,1.8973,1.1933,1.617,0.12679,-0.97286,-0.26987,0.78386,0.02684,-0.30192,-0.33713,-0.22628,-0.27696,-0.43246,-0.36289,-0.39933,0.17902,0.46234,0.51332,0.066852,0.20117,0.14366,-0.1575
0.20059,-0.551,-0.21245,-0.12848,-1.9196,0.56347,-2.3703,-0.15305,0.74103,0.95403,0.42666,-0.35618,0.35417,2.4738,1.3761,0.94626,1.5616,0.78051,-0.13352,-0.73761,-0.094341,0.76537,0.58731,-0.4578,-0.76944,0.028148,0.023789,0.78968,-0.5217,-0.58171,-0.89575,-0.16321,0.10148,0.029866,0.50772,0.33477,0.40656,0.040059,0.025912
0.13205,0.26016,-0.0067433,-0.12517,0.63837,0.60876,-1.8563,0.21647,0.66506,0.78207,0.57231,-1.6452,-0.16832,-1.6987,0.50608,1.0921,1.1146,0.1363,0.18582,-0.97403,0.18236,0.70677,-0.55256,-0.43965,-0.65679,0.03783,-0.45759,-0.23287,-0.7759,-0.37722,-0.37447,-0.2068,-0.15926,0.19511,0.61072,0.36684,0.11837,0.14023,-0.054128
0.091947,0.46103,-0.9424,-0.14471,0.56962,0.33765,-1.9464,-2.233,0.10888,0.17154,-1.843,0.52023,1.4161,0.40827,0.67063,2.2285,0.2236,0.20603,1.2611,0.56497,0.034597,0.067964,1.3723,-0.46342,-0.38774,0.07322,-0.044372,-0.22672,-0.55979,-0.55109,-0.30529,-0.44895,0.041755,0.026277,0.077063,0.5812,0.34984,-0.17607,0.14631
0.06782,1.1812,-0.13047,-0.12518,-0.01828,-0.054422,-1.8415,0.40357,0.89653,1.259,0.79715,-1.6861,-1.9635,0.31946,0.62412,2.2851,-0.07432,1.0416,1.7053,1.0738,-0.61477,0.676,0.42224,-0.074795,-0.76196,-0.62825,-0.078507,-0.45394,-0.13678,-0.67289,-0.34847,-0.41592,-0.1815,-0.22224,0.16909,0.56319,0.63647,0.31638,0.054961
0.035918,0.43547,-0.048941,-0.12942,-0.017718,0.96634,1.1611,0.22172,-0.20349,0.83189,-0.01769,0.7177,0.882,1.1641,1.2868,2.3114,0.33813,0.68378,0.18725,-0.41666,0.6972,0.05969,-0.41212,0.19769,0.074031,-0.38842,-0.0058266,-0.38666,-0.19128,-0.38683,-0.20714,-0.70316,-0.32169,0.078053,0.098899,0.13469,0.51198,0.26829,0.15464
0.056959,0.4654,0.80561,-2.2262,-0.015986,-0.13452,0.51058,-0.0353,0.84728,0.61866,0.61885,0.8873,-0.0051924,0.84611,-1.2896,2.345,0.49805,2.0829,-0.27404,0.7397,-0.89189,-0.18486,0.89093,-1.2261,-0.051268,-0.076318,0.28886,-0.051584,-0.4894,-0.20828,-0.80668,-0.29389,-0.28217,-0.038868,0.18807,-0.1838,0.45847,0.59918,0.32978
-0.34649,0.22158,-2.9362,-0.083472,0.00012698,0.056388,0.013548,-2.3738,0.35951,-1.787,0.79156,0.81396,-0.092471,1.0437,0.03806,-0.45439,1.1947,0.95157,1.5308,0.8354,0.26134,0.061406,-0.92392,-0.3407,0.50566,0.27285,-0.084426,-0.021748,-0.42223,-0.195,0.055566,-0.82935,-0.23904,-0.071755,0.42971,0.17651,0.65906,0.51949,0.094129
-0.48299,0.17541,1.1215,-0.18674,0.012198,-0.034352,1.3555,0.76143,-0.068671,0.97303,0.26088,0.35634,-0.10299,1.4275,-0.01748,-0.39574,1.2502,0.80222,1.8233,1.3656,-0.48239,0.12606,-1.1587,-2.6557,1.6778,-0.20663,-0.33447,-0.68939,-0.56392,-0.10157,-0.62772,-0.41979,-0.25494,-0.45092,0.014237,0.034715,0.60867,0.56727,0.42296
-0.56542,0.15051,-0.0051537,-0.13258,0.12481,-0.020521,0.19576,0.20846,1.3753,0.24893,0.93991,-2.2155,-0.086309,-1.5544,-0.10395,-0.26148,0.64452,0.70249,1.9937,0.18848,-0.36556,-0.11987,-1.4422,-2.2067,-2.9127,-0.38861,-0.26416,-0.35566,-0.069833,-0.4934,-0.31945,-0.40587,-0.26106,-0.33054,-0.14979,-0.3064,0.43884,0.64946,0.44029
-0.72976,0.11491,0.075825,-0.093441,-2.8542,-0.074536,0.1415,0.28136,0.077802,-2.1739,0.20025,-0.059447,0.14756,0.4177,-0.14207,-0.48265,0.50971,-0.36371,2.1792,-1.4339,2.1366,-0.61449,-0.055141,-0.84468,-0.7092,0.28016,0.065123,-0.54726,0.12928,-0.31842,-0.15727,-0.51244,-0.058521,-0.25695,-0.29223,-0.43164,0.25404,0.64211,0.32212
-1.0472,0.096575,-0.067847,-0.01462,-0.24723,-2.4871,0.098515,0.25859,0.18672,-0.050282,0.0025939,0.017193,0.32461,-1.8815,-0.066167,-0.042565,0.022017,-0.30788,1.9762,1.0273,1.261,1.7929,-0.95029,0.54946,-1.3336,0.18304,0.079939,-0.68542,0.069878,-0.47966,-0.39551,-0.46881,-0.34718,-0.20614,-0.65025,0.05259,0.29172,0.64828,0.65226
-1.1207,0.092666,-0.17952,-0.095898,-0.18837,-2.5869,-2.6869,-2.7369,-2.5783,-0.21232,0.020027,-0.10722,-0.0042606,0.98544,-0.10739,-0.35536,-0.34505,-0.09449,2.2353,1.3848,1.8435,-0.17183,0.36078,-1.65,-1.0138,-0.75605,-0.34005,-0.26905,-0.37293,0.0095883,-0.55493,-0.79806,-0.40452,-0.51302,-0.068196,-0.068299,0.0092782,0.32533,0.74986
-0.50129,0.089878,-0.19573,-2.0148,0.95285,1.0687,-0.16197,0.026302,-0.060909,-0.065059,-0.075847,-0.02966,0.011958,0.030967,-0.16454,0.86417,-0.37794,-0.10188,1.2356,-0.077485,-0.20343,0.91618,0.068846,-1.2629,-1.7932,-2.8097,0.10957,0.15144,-0.44013,-0.040853,-0.34663,-0.074305,-0.65222,-0.97073,-0.35853,-0.18676,-0.0027409,0.21556,0.58615
